2025-05-06 15:26:45, 0696085f-3590-464c-86a1-012757401b3c, 200, 4.217
2025-05-06 15:27:40, 2f9e8811-8d7f-4904-94b6-fa1b1a81aa8d, 200, 1.760
2025-05-06 15:27:41, 79d1839d-4452-4cb2-b749-789cdbe3f48b, 200, 2.671
2025-05-06 16:57:44, fef983ce-ac42-4ae4-919d-860d0e5fade7, 200, 2.911
2025-05-06 16:59:04, 0158cb7a-4a73-45f9-bf7c-dfbfc8ee62bf, 200, 1.840
2025-05-06 16:59:13, 0289241e-1d35-4198-bf02-13215abe2e64, 200, 1.071
2025-05-06 16:59:26, 6ea51489-c320-49cf-a044-0854feb7994c, 200, 1.232
2025-05-06 16:59:43, 60cc9ae2-1a3e-44be-a371-494a2c3368a3, 200, 0.466
2025-05-06 16:59:49, 93210553-6f11-4794-a11c-a735f428b5ba, 200, 1.135
2025-05-06 17:00:44, a054aa96-2c3c-41a1-9806-c9a3bc8da0f1, 200, 1.432
2025-05-06 17:00:52, 5f51dcba-7481-482a-a057-5f6cdd85acbf, 200, 1.188
2025-05-07 08:18:24, 4406209d-e24c-4b0a-822c-e3cf2d626f96, 200, 2.828
2025-05-07 08:18:28, f0a6a290-6ec7-4505-bb0c-e4169930a650, 200, 1.811
2025-05-07 08:19:19, a6e600a5-8be5-48bf-9797-25a2c40b40a9, 200, 3.222
2025-05-07 08:24:39, 0991b193-a6c4-49c0-9754-ec2838d4f55f, 200, 3.128
2025-05-07 08:24:57, b4f1f55b-613c-4118-9806-1d8c87727117, 200, 1.759
2025-05-07 08:25:29, ba695c55-db31-4f0e-b5c9-59b78f74b17c, 200, 2.162
2025-05-07 08:25:41, a51fc17a-1613-4b7e-a7b9-3f9a7c09fca9, 200, 1.195
2025-05-07 08:43:39, 5be0cec2-a4b4-4b27-9984-a1cb66ebf745, 200, 2.928
2025-05-07 08:43:50, 27d21733-baf6-4472-874f-1a3c696647b6, 200, 1.888
2025-05-07 08:48:57, a37217a3-7f3f-4699-8c35-ddabcd4a97d3, 200, 3.160
2025-05-07 08:50:33, a9004b0e-adb4-4fe2-9215-c59f06ebc2c4, 200, 1.362
2025-05-07 08:50:39, c58794e8-b489-4cc1-8746-a9ffc62c7ccc, 200, 1.926
2025-05-07 08:51:21, 0c6335f1-8b37-4548-9c96-2c46232a8daf, 200, 1.866
2025-05-07 08:51:41, becb377a-2077-4755-a19a-7000f957bc44, 200, 1.274
2025-05-07 08:51:45, 2f2fdfca-ef06-4af9-8de0-11fd71f67d16, 200, 1.827
